event_time,user_id,category,amount,status
2026-03-01 00:48:00,u011,home,252.59,paid
2026-03-01 01:51:00,u021,electronics,479.43,pending
2026-03-01 03:01:00,u048,electronics,667.85,paid
2026-03-01 05:29:00,u025,electronics,1510.47,paid
2026-03-01 06:14:00,u033,clothing,161.02,paid
2026-03-01 07:43:00,u021,sports,299.52,paid
2026-03-01 08:47:00,u038,electronics,1100.24,paid
2026-03-01 08:51:00,u003,home,326.09,cancelled
2026-03-01 09:05:00,u015,sports,192.63,paid
2026-03-01 10:06:00,u006,electronics,830.78,paid
2026-03-01 11:10:00,u024,electronics,1204.21,paid
2026-03-01 11:36:00,u013,home,142.18,paid
2026-03-01 12:05:00,u036,electronics,1154.37,pending
2026-03-01 18:56:00,u046,electronics,1186.53,paid
2026-03-01 20:29:00,u010,electronics,695.95,paid
2026-03-01 21:41:00,u005,clothing,90.8,paid
2026-03-01 21:47:00,u035,books,39.65,paid
2026-03-01 22:34:00,u027,electronics,1107.12,pending
2026-03-02 05:34:00,u050,sports,337.99,paid
2026-03-02 05:50:00,u044,electronics,476.23,paid
2026-03-02 09:15:00,u004,electronics,1080.83,paid
2026-03-02 10:07:00,u019,electronics,944.47,cancelled
2026-03-02 14:33:00,u017,toys,107.47,paid
2026-03-02 15:01:00,u008,sports,327.25,pending
2026-03-02 16:31:00,u006,home,447.91,paid
2026-03-02 20:19:00,u041,clothing,95.8,paid
2026-03-02 23:07:00,u044,sports,292.74,paid
2026-03-02 23:16:00,u033,home,315.38,paid
2026-03-03 01:37:00,u048,clothing,194.64,paid
2026-03-03 01:55:00,u022,books,30.0,paid
2026-03-03 02:59:00,u049,sports,134.9,paid
2026-03-03 03:15:00,u013,books,41.05,paid
2026-03-03 06:34:00,u009,home,455.89,paid
2026-03-03 06:55:00,u026,sports,134.45,paid
2026-03-03 06:59:00,u035,home,383.7,paid
2026-03-03 07:00:00,u005,home,147.08,paid
2026-03-03 07:14:00,u005,electronics,1105.97,paid
2026-03-03 07:50:00,u031,sports,141.41,paid
2026-03-03 08:29:00,u016,sports,110.35,pending
2026-03-03 12:16:00,u030,electronics,1235.91,paid
2026-03-03 12:42:00,u042,electronics,1479.54,paid
2026-03-03 13:22:00,u028,electronics,1436.6,paid
2026-03-03 15:52:00,u005,toys,77.94,paid
2026-03-03 17:06:00,u004,clothing,157.31,paid
2026-03-03 17:42:00,u046,clothing,94.18,paid
2026-03-03 20:41:00,u007,books,55.73,pending
2026-03-03 21:30:00,u036,books,45.2,paid
2026-03-04 00:42:00,u036,electronics,1196.07,cancelled
2026-03-04 03:04:00,u045,sports,237.31,pending
2026-03-04 04:16:00,u008,sports,290.45,paid
2026-03-04 05:04:00,u039,books,62.75,paid
2026-03-04 08:10:00,u048,electronics,1246.8,paid
2026-03-04 08:32:00,u032,electronics,1489.79,paid
2026-03-04 09:38:00,u014,home,201.35,paid
2026-03-04 10:15:00,u017,electronics,1206.03,paid
2026-03-04 10:59:00,u049,toys,30.84,paid
2026-03-04 11:56:00,u005,sports,189.77,paid
2026-03-04 15:32:00,u034,books,67.94,paid
2026-03-04 17:45:00,u020,clothing,237.7,paid
2026-03-04 18:06:00,u005,clothing,151.06,paid
2026-03-04 18:15:00,u038,clothing,171.49,paid
2026-03-04 18:35:00,u010,electronics,450.19,paid
2026-03-04 18:36:00,u034,electronics,712.92,paid
2026-03-04 20:27:00,u018,books,35.01,paid
2026-03-05 00:11:00,u048,sports,301.24,paid
2026-03-05 01:45:00,u028,books,66.09,paid
2026-03-05 01:57:00,u023,electronics,699.44,paid
2026-03-05 03:24:00,u003,sports,150.06,pending
2026-03-05 05:39:00,u037,electronics,1057.52,paid
2026-03-05 07:55:00,u011,toys,102.97,pending
2026-03-05 08:02:00,u007,clothing,122.22,paid
2026-03-05 08:22:00,u042,clothing,182.31,pending
2026-03-05 09:13:00,u028,home,352.5,paid
2026-03-05 09:32:00,u020,home,247.32,paid
2026-03-05 10:01:00,u008,sports,160.53,paid
2026-03-05 13:38:00,u033,books,64.72,paid
2026-03-05 14:22:00,u020,sports,325.26,paid
2026-03-05 14:28:00,u044,electronics,967.82,pending
2026-03-05 17:08:00,u013,electronics,1528.44,paid
2026-03-05 17:56:00,u027,toys,97.45,cancelled
2026-03-05 21:12:00,u026,electronics,1437.22,cancelled
2026-03-05 21:55:00,u048,sports,162.04,paid
2026-03-05 21:58:00,u022,clothing,179.41,paid
2026-03-05 23:47:00,u048,home,261.58,paid
2026-03-06 02:29:00,u027,sports,245.43,paid
2026-03-06 03:49:00,u028,electronics,1364.93,paid
2026-03-06 04:01:00,u003,electronics,970.16,pending
2026-03-06 04:45:00,u014,books,38.9,paid
2026-03-06 07:17:00,u029,books,32.5,paid
2026-03-06 07:53:00,u041,electronics,1333.21,paid
2026-03-06 08:27:00,u032,books,35.15,paid
2026-03-06 09:48:00,u025,sports,347.43,paid
2026-03-06 10:05:00,u049,electronics,772.5,pending
2026-03-06 10:57:00,u035,books,25.42,paid
2026-03-06 12:31:00,u026,electronics,1187.27,paid
2026-03-06 12:46:00,u011,sports,338.28,cancelled
2026-03-06 13:03:00,u014,sports,195.16,paid
2026-03-06 14:03:00,u036,electronics,1418.0,paid
2026-03-06 14:39:00,u047,sports,205.22,pending
2026-03-06 14:42:00,u034,toys,83.59,cancelled
2026-03-06 14:57:00,u011,home,303.0,paid
2026-03-06 22:01:00,u049,clothing,145.86,cancelled
2026-03-06 23:10:00,u043,books,44.56,paid
2026-03-06 23:47:00,u035,home,461.68,paid
2026-03-07 00:15:00,u013,sports,257.76,paid
2026-03-07 00:58:00,u026,clothing,179.34,paid
2026-03-07 03:50:00,u037,home,255.2,paid
2026-03-07 05:19:00,u007,clothing,227.2,paid
2026-03-07 07:06:00,u045,home,443.86,paid
2026-03-07 11:04:00,u033,clothing,62.28,paid
2026-03-07 11:10:00,u039,clothing,194.63,paid
2026-03-07 11:14:00,u042,books,67.76,paid
2026-03-07 12:25:00,u046,books,48.59,pending
2026-03-07 13:08:00,u030,books,31.16,paid
2026-03-07 13:16:00,u006,clothing,194.82,paid
2026-03-07 14:20:00,u022,home,267.17,paid
2026-03-07 15:06:00,u028,toys,87.2,pending
2026-03-07 15:42:00,u008,clothing,99.23,paid
2026-03-07 19:51:00,u035,home,299.33,pending
2026-03-07 22:09:00,u028,books,44.89,paid
2026-03-08 01:35:00,u019,home,172.35,pending
2026-03-08 05:03:00,u017,toys,73.0,pending
2026-03-08 06:05:00,u016,home,308.22,paid
2026-03-08 06:13:00,u048,clothing,190.43,cancelled
2026-03-08 06:20:00,u008,home,481.58,paid
2026-03-08 07:48:00,u030,clothing,180.27,paid
2026-03-08 08:20:00,u016,sports,113.4,pending
2026-03-08 09:14:00,u026,home,239.83,paid
2026-03-08 10:17:00,u039,home,228.6,paid
2026-03-08 11:11:00,u020,books,45.54,paid
2026-03-08 11:44:00,u030,electronics,701.68,paid
2026-03-08 12:31:00,u005,clothing,183.56,paid
2026-03-08 15:06:00,u001,clothing,144.49,paid
2026-03-08 15:35:00,u034,electronics,1595.96,paid
2026-03-08 15:54:00,u021,books,28.64,paid
2026-03-08 16:38:00,u019,toys,104.94,paid
2026-03-08 22:30:00,u042,home,293.07,paid
2026-03-09 02:03:00,u011,home,348.14,pending
2026-03-09 03:34:00,u015,clothing,223.51,pending
2026-03-09 05:21:00,u027,home,233.08,cancelled
2026-03-09 08:32:00,u035,clothing,74.48,paid
2026-03-09 08:36:00,u003,home,190.7,paid
2026-03-09 08:50:00,u041,clothing,204.7,paid
2026-03-09 09:28:00,u008,clothing,114.74,paid
2026-03-09 12:55:00,u033,sports,90.31,pending
2026-03-09 13:28:00,u045,clothing,112.43,paid
2026-03-09 13:47:00,u021,clothing,64.66,paid
2026-03-09 14:19:00,u038,toys,57.48,paid
2026-03-09 14:58:00,u018,books,48.23,paid
2026-03-09 15:05:00,u031,electronics,799.97,paid
2026-03-09 17:02:00,u030,books,30.75,paid
2026-03-09 18:19:00,u006,toys,40.66,paid
2026-03-09 19:38:00,u040,electronics,1027.09,paid
2026-03-09 19:47:00,u007,toys,48.7,paid
2026-03-09 21:05:00,u011,electronics,1062.39,paid
2026-03-09 21:53:00,u037,clothing,63.73,paid
2026-03-09 22:18:00,u045,sports,109.22,paid
2026-03-10 01:20:00,u048,clothing,224.42,paid
2026-03-10 06:44:00,u016,clothing,102.04,paid
2026-03-10 07:45:00,u011,electronics,416.41,paid
2026-03-10 07:53:00,u008,electronics,540.96,pending
2026-03-10 11:21:00,u036,home,266.45,cancelled
2026-03-10 13:03:00,u013,clothing,172.07,paid
2026-03-10 13:21:00,u033,electronics,403.08,paid
2026-03-10 14:48:00,u004,electronics,1059.06,cancelled
2026-03-10 14:56:00,u045,clothing,65.2,paid
2026-03-10 15:30:00,u016,electronics,573.57,paid
2026-03-10 15:59:00,u046,electronics,1246.49,paid
2026-03-10 16:37:00,u022,sports,326.03,paid
2026-03-10 18:37:00,u043,clothing,86.75,paid
2026-03-10 19:32:00,u048,sports,323.29,paid
2026-03-10 21:50:00,u042,toys,74.58,paid
2026-03-11 00:36:00,u044,home,490.1,pending
2026-03-11 02:30:00,u017,electronics,1231.25,paid
2026-03-11 05:10:00,u012,books,63.22,paid
2026-03-11 07:31:00,u038,books,41.71,paid
2026-03-11 07:40:00,u044,sports,359.3,paid
2026-03-11 08:42:00,u001,sports,215.62,paid
2026-03-11 09:44:00,u019,books,61.08,paid
2026-03-11 10:54:00,u044,sports,192.6,paid
2026-03-11 11:27:00,u010,electronics,894.46,paid
2026-03-11 12:54:00,u031,books,37.52,paid
2026-03-11 13:06:00,u049,clothing,217.06,paid
2026-03-11 14:00:00,u047,books,63.22,cancelled
2026-03-11 17:10:00,u005,electronics,814.68,paid
2026-03-11 20:27:00,u045,electronics,1414.36,paid
2026-03-11 22:19:00,u002,books,59.3,paid
2026-03-11 22:56:00,u049,clothing,157.38,paid
2026-03-12 00:39:00,u036,electronics,1132.1,paid
2026-03-12 02:09:00,u049,toys,107.41,paid
2026-03-12 03:43:00,u024,clothing,236.01,paid
2026-03-12 03:53:00,u032,clothing,229.03,paid
2026-03-12 04:02:00,u003,electronics,991.15,paid
2026-03-12 07:40:00,u013,clothing,182.0,paid
2026-03-12 09:20:00,u048,electronics,640.95,paid
2026-03-12 09:50:00,u029,books,36.66,paid
2026-03-12 11:33:00,u033,sports,314.23,paid
2026-03-12 12:52:00,u041,toys,39.75,paid
2026-03-12 12:54:00,u036,electronics,1348.82,paid
2026-03-12 15:51:00,u019,home,252.02,paid
2026-03-12 15:53:00,u019,home,211.29,pending
2026-03-12 17:07:00,u030,electronics,1298.81,paid
2026-03-12 17:08:00,u025,electronics,1204.58,paid
2026-03-12 17:26:00,u038,home,182.95,paid
2026-03-12 20:52:00,u030,sports,171.59,paid
2026-03-12 21:43:00,u009,clothing,222.61,paid
2026-03-12 22:23:00,u014,electronics,1540.67,pending
2026-03-13 00:17:00,u010,toys,78.62,paid
2026-03-13 03:42:00,u002,books,36.31,paid
2026-03-13 06:41:00,u041,clothing,63.84,paid
2026-03-13 07:08:00,u037,electronics,1395.78,paid
2026-03-13 08:12:00,u008,toys,104.18,paid
2026-03-13 14:04:00,u006,electronics,578.0,paid
2026-03-13 15:54:00,u026,electronics,529.55,paid
2026-03-13 16:07:00,u048,books,41.03,paid
2026-03-13 16:18:00,u030,clothing,137.44,paid
2026-03-13 18:06:00,u029,clothing,230.17,paid
2026-03-13 18:13:00,u015,electronics,577.07,pending
2026-03-13 18:20:00,u002,books,20.25,paid
2026-03-13 19:40:00,u038,clothing,118.53,cancelled
2026-03-13 21:33:00,u020,electronics,1556.83,paid
2026-03-14 03:22:00,u036,electronics,1315.13,paid
2026-03-14 03:36:00,u033,electronics,1188.08,paid
2026-03-14 07:26:00,u022,sports,197.66,paid
2026-03-14 10:27:00,u021,clothing,127.37,paid
2026-03-14 10:42:00,u008,electronics,1448.33,cancelled
2026-03-14 13:55:00,u047,books,32.6,paid
2026-03-14 15:04:00,u006,sports,115.17,paid
2026-03-14 20:41:00,u050,clothing,215.79,paid
2026-03-14 23:23:00,u009,clothing,165.56,paid
2026-03-15 00:11:00,u018,home,240.87,paid
2026-03-15 00:11:00,u010,clothing,132.14,paid
2026-03-15 00:29:00,u005,sports,245.45,paid
2026-03-15 02:17:00,u029,clothing,147.42,paid
2026-03-15 02:32:00,u041,books,44.27,pending
2026-03-15 04:48:00,u017,electronics,543.98,paid
2026-03-15 05:51:00,u040,electronics,1227.53,paid
2026-03-15 08:13:00,u049,clothing,122.13,paid
2026-03-15 10:10:00,u024,electronics,789.26,cancelled
2026-03-15 12:38:00,u004,books,33.32,paid
2026-03-15 12:55:00,u020,home,208.09,paid
2026-03-15 13:11:00,u009,electronics,1244.41,paid
2026-03-15 13:54:00,u036,toys,103.66,paid
2026-03-15 13:54:00,u007,electronics,1106.65,paid
2026-03-15 19:05:00,u004,books,57.11,paid
2026-03-15 20:01:00,u006,home,205.67,paid
2026-03-15 20:35:00,u002,clothing,178.41,paid
2026-03-15 21:43:00,u038,clothing,180.08,paid
2026-03-15 21:51:00,u023,books,62.74,paid
2026-03-15 22:40:00,u027,electronics,886.04,cancelled
2026-03-16 01:03:00,u024,sports,110.72,pending
2026-03-16 02:39:00,u039,clothing,143.29,paid
2026-03-16 06:11:00,u039,books,57.36,paid
2026-03-16 08:37:00,u004,electronics,489.03,paid
2026-03-16 09:24:00,u027,home,379.59,paid
2026-03-16 10:09:00,u029,books,40.72,paid
2026-03-16 10:38:00,u031,clothing,232.39,paid
2026-03-16 10:45:00,u006,clothing,91.06,paid
2026-03-16 11:46:00,u042,sports,153.79,paid
2026-03-16 14:28:00,u034,clothing,88.57,paid
2026-03-16 18:41:00,u041,toys,59.09,cancelled
2026-03-16 20:31:00,u030,home,409.95,paid
2026-03-16 23:57:00,u003,electronics,1371.78,paid
2026-03-17 00:23:00,u020,books,28.75,cancelled
2026-03-17 02:37:00,u043,books,35.87,cancelled
2026-03-17 03:18:00,u006,home,227.3,pending
2026-03-17 03:32:00,u050,clothing,192.96,paid
2026-03-17 05:53:00,u045,home,428.39,paid
2026-03-17 08:46:00,u043,toys,84.24,paid
2026-03-17 09:51:00,u031,sports,142.38,paid
2026-03-17 13:10:00,u013,sports,127.37,paid
2026-03-17 14:02:00,u027,electronics,1263.5,cancelled
2026-03-17 15:12:00,u015,toys,43.95,paid
2026-03-17 17:24:00,u042,home,429.94,paid
2026-03-17 18:28:00,u030,home,416.8,paid
2026-03-17 19:18:00,u049,home,293.35,paid
2026-03-17 20:21:00,u005,electronics,1069.56,paid
2026-03-17 20:30:00,u024,clothing,78.47,pending
2026-03-17 21:21:00,u050,clothing,167.5,paid
2026-03-17 22:42:00,u026,books,54.71,paid
2026-03-17 23:43:00,u034,books,52.7,paid
2026-03-18 01:15:00,u027,clothing,172.11,paid
2026-03-18 02:01:00,u017,electronics,579.42,cancelled
2026-03-18 04:18:00,u028,books,36.02,paid
2026-03-18 10:50:00,u010,books,32.56,pending
2026-03-18 11:14:00,u002,electronics,518.9,paid
2026-03-18 13:03:00,u026,clothing,102.44,cancelled
2026-03-18 13:05:00,u015,sports,328.85,cancelled
2026-03-18 15:38:00,u035,books,44.56,paid
2026-03-18 19:33:00,u028,books,32.63,paid
2026-03-18 22:53:00,u009,home,300.92,paid
2026-03-19 01:20:00,u020,clothing,238.04,paid
2026-03-19 01:55:00,u042,electronics,549.37,paid
2026-03-19 08:02:00,u049,clothing,111.5,pending
2026-03-19 10:08:00,u003,electronics,806.26,paid
2026-03-19 11:15:00,u047,clothing,78.66,paid
2026-03-19 17:32:00,u033,clothing,130.28,paid
2026-03-19 20:24:00,u024,electronics,419.49,paid
2026-03-19 21:29:00,u045,clothing,92.81,paid
2026-03-19 21:42:00,u006,clothing,124.91,cancelled
2026-03-19 22:49:00,u030,books,28.08,paid
2026-03-20 00:09:00,u039,home,289.31,paid
2026-03-20 02:36:00,u009,clothing,131.65,paid
2026-03-20 07:07:00,u002,home,312.14,paid
2026-03-20 07:49:00,u042,electronics,859.43,paid
2026-03-20 11:59:00,u034,electronics,499.13,paid
2026-03-20 13:17:00,u041,toys,115.31,paid
2026-03-20 13:38:00,u012,clothing,117.82,paid
2026-03-20 14:22:00,u029,books,63.18,paid
2026-03-20 17:07:00,u017,home,389.01,paid
2026-03-20 19:09:00,u044,electronics,845.16,paid
2026-03-20 19:18:00,u045,sports,222.62,paid
2026-03-20 20:25:00,u024,clothing,194.98,paid
2026-03-20 21:18:00,u020,electronics,1261.2,paid
2026-03-20 23:28:00,u025,electronics,624.18,paid
2026-03-21 02:08:00,u021,clothing,141.0,paid
2026-03-21 09:54:00,u011,home,472.75,paid
2026-03-21 10:42:00,u023,home,331.25,paid
2026-03-21 11:08:00,u050,clothing,165.8,paid
2026-03-21 11:32:00,u015,books,28.05,paid
2026-03-21 14:11:00,u046,electronics,505.35,paid
2026-03-21 15:01:00,u024,clothing,126.4,pending
2026-03-21 17:08:00,u040,sports,107.75,paid
2026-03-21 22:46:00,u031,clothing,198.45,pending
2026-03-22 02:44:00,u004,books,39.32,paid
2026-03-22 04:40:00,u020,clothing,76.82,paid
2026-03-22 05:20:00,u046,electronics,1536.98,paid
2026-03-22 09:30:00,u016,sports,274.95,paid
2026-03-22 09:54:00,u006,electronics,1162.07,paid
2026-03-22 10:53:00,u037,books,62.85,paid
2026-03-22 13:32:00,u004,sports,229.89,paid
2026-03-22 18:37:00,u010,books,50.29,pending
2026-03-22 19:40:00,u002,clothing,172.89,paid
2026-03-22 20:49:00,u037,electronics,652.97,paid
2026-03-23 01:18:00,u032,clothing,211.71,paid
2026-03-23 07:29:00,u008,electronics,697.5,paid
2026-03-23 09:24:00,u040,electronics,1555.22,pending
2026-03-23 09:34:00,u001,sports,206.35,pending
2026-03-23 10:59:00,u037,home,196.19,paid
2026-03-23 11:25:00,u009,home,318.12,paid
2026-03-23 12:23:00,u022,clothing,125.81,paid
2026-03-23 12:32:00,u030,toys,49.36,paid
2026-03-23 16:29:00,u032,sports,224.29,paid
2026-03-23 17:12:00,u024,clothing,73.24,paid
2026-03-23 17:17:00,u040,home,169.55,cancelled
2026-03-23 19:09:00,u021,sports,176.22,cancelled
2026-03-23 23:23:00,u049,electronics,454.29,paid
2026-03-24 04:52:00,u044,electronics,1087.08,paid
2026-03-24 06:01:00,u029,electronics,581.72,paid
2026-03-24 08:35:00,u020,electronics,1567.49,paid
2026-03-24 08:41:00,u050,clothing,100.96,paid
2026-03-24 09:30:00,u002,electronics,1208.57,cancelled
2026-03-24 09:45:00,u014,home,308.38,paid
2026-03-24 13:32:00,u050,clothing,144.89,pending
2026-03-24 15:10:00,u034,clothing,171.55,pending
2026-03-24 15:33:00,u030,books,64.39,paid
2026-03-24 16:25:00,u033,books,19.54,paid
2026-03-24 17:21:00,u035,electronics,1326.39,paid
2026-03-24 18:19:00,u047,sports,259.9,paid
2026-03-24 18:21:00,u033,sports,233.73,paid
2026-03-24 19:20:00,u011,electronics,1139.8,pending
2026-03-24 20:51:00,u045,electronics,981.02,cancelled
2026-03-24 21:30:00,u034,electronics,1548.02,paid
2026-03-24 23:03:00,u046,books,28.39,paid
2026-03-25 01:58:00,u050,books,47.64,paid
2026-03-25 03:21:00,u011,home,368.11,paid
2026-03-25 03:59:00,u022,electronics,1586.92,paid
2026-03-25 05:59:00,u003,toys,65.73,paid
2026-03-25 08:08:00,u007,clothing,165.63,paid
2026-03-25 09:45:00,u006,electronics,930.85,paid
2026-03-25 10:45:00,u031,books,57.97,paid
2026-03-25 12:52:00,u023,toys,102.42,paid
2026-03-25 15:13:00,u013,sports,163.21,paid
2026-03-25 15:41:00,u013,home,232.72,paid
2026-03-25 15:56:00,u009,sports,216.37,paid
2026-03-25 17:59:00,u011,electronics,1522.04,pending
2026-03-25 21:57:00,u034,electronics,679.4,paid
2026-03-25 23:17:00,u019,books,53.02,paid
2026-03-25 23:54:00,u003,sports,137.27,pending
2026-03-25 23:55:00,u019,sports,92.5,paid
2026-03-26 00:16:00,u025,electronics,1304.51,cancelled
2026-03-26 07:03:00,u043,books,33.61,paid
2026-03-26 09:23:00,u040,electronics,1548.83,paid
2026-03-26 09:37:00,u047,clothing,107.08,paid
2026-03-26 16:59:00,u046,home,383.86,paid
2026-03-26 20:57:00,u026,sports,229.13,paid
2026-03-26 21:06:00,u012,toys,72.97,cancelled
2026-03-26 23:21:00,u019,clothing,196.31,paid
2026-03-27 00:48:00,u002,toys,71.67,paid
2026-03-27 01:29:00,u009,clothing,142.22,paid
2026-03-27 02:43:00,u043,sports,125.91,pending
2026-03-27 03:11:00,u035,electronics,552.82,cancelled
2026-03-27 05:49:00,u009,home,491.87,paid
2026-03-27 06:45:00,u038,clothing,221.8,paid
2026-03-27 13:23:00,u025,electronics,1500.54,paid
2026-03-27 14:43:00,u020,home,273.48,pending
2026-03-27 17:03:00,u005,toys,72.49,paid
2026-03-27 17:09:00,u011,electronics,1024.41,paid
2026-03-27 17:51:00,u043,sports,295.7,paid
2026-03-27 18:07:00,u004,sports,333.78,paid
2026-03-27 19:55:00,u006,clothing,155.07,paid
2026-03-27 23:13:00,u038,books,39.74,paid
2026-03-27 23:38:00,u024,electronics,1059.08,paid
2026-03-28 00:15:00,u014,books,48.68,paid
2026-03-28 04:19:00,u025,books,45.74,paid
2026-03-28 05:40:00,u044,electronics,994.74,cancelled
2026-03-28 07:19:00,u046,books,41.81,paid
2026-03-28 09:14:00,u047,clothing,163.95,paid
2026-03-28 10:15:00,u020,sports,356.14,paid
2026-03-28 10:41:00,u006,sports,318.73,paid
2026-03-28 13:19:00,u018,books,67.3,pending
2026-03-28 13:26:00,u036,clothing,129.92,paid
2026-03-28 17:13:00,u049,sports,105.24,paid
2026-03-28 17:24:00,u015,electronics,815.39,paid
2026-03-28 20:42:00,u025,home,244.53,paid
2026-03-28 21:45:00,u004,electronics,453.08,paid
2026-03-28 23:48:00,u008,books,52.16,paid
2026-03-29 00:00:00,u035,clothing,62.13,paid
2026-03-29 02:12:00,u049,clothing,180.86,paid
2026-03-29 02:45:00,u010,books,44.05,paid
2026-03-29 06:03:00,u018,electronics,1125.96,paid
2026-03-29 06:47:00,u008,home,407.87,pending
2026-03-29 06:55:00,u022,electronics,1490.79,paid
2026-03-29 07:31:00,u036,clothing,183.27,paid
2026-03-29 07:47:00,u010,books,46.55,paid
2026-03-29 08:34:00,u019,books,60.19,paid
2026-03-29 09:24:00,u030,clothing,124.67,paid
2026-03-29 10:58:00,u014,electronics,896.72,paid
2026-03-29 11:10:00,u009,home,308.12,pending
2026-03-29 15:46:00,u042,home,297.81,paid
2026-03-29 16:56:00,u032,electronics,1363.38,paid
2026-03-29 17:41:00,u004,clothing,211.03,paid
2026-03-29 19:40:00,u043,toys,112.15,paid
2026-03-29 21:03:00,u049,books,24.72,paid
2026-03-29 22:38:00,u046,electronics,1498.15,paid
2026-03-29 23:26:00,u019,books,34.82,paid
2026-03-30 02:19:00,u011,clothing,162.01,pending
2026-03-30 02:41:00,u042,home,160.06,paid
2026-03-30 04:47:00,u025,electronics,527.86,paid
2026-03-30 05:06:00,u007,clothing,103.37,paid
2026-03-30 06:37:00,u010,home,392.27,paid
2026-03-30 08:52:00,u023,electronics,876.28,paid
2026-03-30 09:28:00,u024,home,163.34,paid
2026-03-30 12:29:00,u037,electronics,1236.68,paid
2026-03-30 12:49:00,u021,books,31.85,cancelled
2026-03-30 13:14:00,u005,electronics,1322.81,cancelled
2026-03-30 13:41:00,u022,clothing,214.43,paid
2026-03-30 15:14:00,u023,clothing,127.58,paid
2026-03-30 16:58:00,u003,electronics,1481.53,paid
2026-03-30 17:30:00,u004,clothing,186.51,paid
2026-03-30 17:36:00,u043,books,66.26,paid
2026-03-30 18:30:00,u018,books,21.4,cancelled
2026-03-30 18:42:00,u025,books,49.98,paid
2026-03-30 21:57:00,u035,electronics,1306.73,paid
2026-03-30 22:04:00,u006,electronics,856.0,paid
2026-03-30 22:46:00,u006,clothing,235.38,paid
2026-03-31 00:46:00,u030,toys,48.87,paid
2026-03-31 07:36:00,u034,books,37.49,paid
2026-03-31 09:17:00,u032,books,26.28,paid
2026-03-31 09:26:00,u025,home,396.82,paid
2026-03-31 09:30:00,u005,electronics,1533.07,paid
2026-03-31 09:47:00,u045,clothing,234.2,paid
2026-03-31 10:24:00,u018,sports,196.09,paid
2026-03-31 12:21:00,u040,electronics,1434.64,paid
2026-03-31 13:52:00,u042,toys,42.25,paid
2026-03-31 14:35:00,u036,clothing,78.59,paid
2026-03-31 15:38:00,u040,books,23.12,paid
2026-03-31 17:05:00,u039,clothing,118.4,paid
2026-03-31 18:12:00,u038,toys,46.19,paid
2026-03-31 22:12:00,u031,electronics,1557.49,cancelled
2026-04-01 02:19:00,u003,sports,121.07,pending
2026-04-01 02:52:00,u027,home,177.19,paid
2026-04-01 03:00:00,u007,electronics,1012.81,paid
2026-04-01 03:18:00,u027,sports,113.18,pending
2026-04-01 07:51:00,u026,clothing,93.55,paid
2026-04-01 08:42:00,u010,home,420.9,paid
2026-04-01 12:00:00,u046,electronics,734.01,paid
2026-04-01 12:01:00,u048,clothing,95.52,paid
2026-04-01 15:22:00,u031,books,55.4,paid
2026-04-01 16:11:00,u036,books,46.89,cancelled
2026-04-01 17:38:00,u041,sports,119.53,paid
2026-04-01 18:44:00,u037,electronics,848.94,paid
2026-04-01 19:30:00,u038,electronics,1007.94,cancelled
2026-04-01 20:06:00,u044,sports,341.08,paid
2026-04-01 21:22:00,u011,clothing,67.97,cancelled
2026-04-01 21:37:00,u045,clothing,122.09,paid
2026-04-01 21:41:00,u026,toys,59.84,paid
2026-04-01 22:26:00,u035,books,68.34,paid
2026-04-01 23:09:00,u023,electronics,946.4,paid
2026-04-02 01:48:00,u047,electronics,662.25,paid
2026-04-02 02:36:00,u007,home,326.33,paid
2026-04-02 03:17:00,u050,clothing,238.36,paid
2026-04-02 03:49:00,u016,electronics,1285.14,paid
2026-04-02 06:29:00,u008,electronics,1435.16,paid
2026-04-02 07:19:00,u008,books,53.91,paid
2026-04-02 09:02:00,u018,electronics,746.4,paid
2026-04-02 09:08:00,u012,electronics,941.2,paid
2026-04-02 09:58:00,u040,clothing,180.98,paid
2026-04-02 11:00:00,u032,books,60.3,cancelled
2026-04-02 11:54:00,u030,clothing,206.47,paid
2026-04-02 13:38:00,u009,clothing,136.15,paid
2026-04-02 14:16:00,u023,sports,113.49,pending
2026-04-02 14:31:00,u011,books,19.12,paid
2026-04-02 16:41:00,u032,electronics,990.07,paid
2026-04-02 17:44:00,u042,sports,136.77,paid
2026-04-02 18:47:00,u050,home,331.15,paid
2026-04-02 20:20:00,u039,electronics,871.05,paid
2026-04-02 22:39:00,u041,electronics,1139.38,paid
2026-04-02 23:53:00,u042,home,236.64,cancelled
2026-04-03 01:17:00,u042,books,62.97,paid
2026-04-03 01:36:00,u023,clothing,167.43,paid
2026-04-03 02:25:00,u033,home,385.51,pending
2026-04-03 02:46:00,u030,clothing,185.51,pending
2026-04-03 10:53:00,u019,electronics,1093.52,paid
2026-04-03 14:31:00,u021,clothing,216.4,pending
2026-04-03 17:25:00,u014,toys,104.24,paid
2026-04-03 18:40:00,u018,clothing,127.53,paid
2026-04-03 21:52:00,u007,books,56.88,paid
2026-04-03 22:18:00,u019,clothing,231.43,paid
2026-04-03 22:20:00,u016,home,378.59,paid
2026-04-04 02:08:00,u038,electronics,1215.98,paid
2026-04-04 02:14:00,u025,books,59.81,paid
2026-04-04 04:41:00,u044,books,45.35,paid
2026-04-04 04:48:00,u008,clothing,129.13,cancelled
2026-04-04 07:27:00,u042,books,22.5,paid
2026-04-04 08:05:00,u042,electronics,498.9,paid
2026-04-04 10:50:00,u009,electronics,1173.54,paid
2026-04-04 10:57:00,u044,home,142.23,paid
2026-04-04 11:56:00,u020,books,58.11,paid
2026-04-04 13:12:00,u045,sports,328.18,paid
2026-04-04 13:39:00,u044,electronics,660.69,pending
2026-04-04 14:01:00,u008,sports,132.66,paid
2026-04-04 20:10:00,u004,electronics,766.61,paid
2026-04-04 20:10:00,u029,electronics,655.67,paid
2026-04-04 22:21:00,u008,toys,68.01,paid
2026-04-05 00:23:00,u021,books,62.69,paid
2026-04-05 00:45:00,u009,home,186.44,cancelled
2026-04-05 01:50:00,u026,clothing,173.14,paid
2026-04-05 02:01:00,u038,books,31.26,paid
2026-04-05 04:17:00,u006,electronics,1013.57,paid
2026-04-05 04:34:00,u021,electronics,1161.15,pending
2026-04-05 07:03:00,u016,books,40.31,paid
2026-04-05 08:46:00,u008,home,136.01,pending
2026-04-05 11:34:00,u044,books,42.23,cancelled
2026-04-05 12:18:00,u042,books,64.64,cancelled
2026-04-05 13:27:00,u045,electronics,1168.64,paid
2026-04-05 15:24:00,u008,electronics,1165.7,paid
2026-04-05 16:33:00,u047,electronics,846.24,paid
2026-04-05 19:03:00,u020,clothing,178.45,paid
2026-04-05 19:46:00,u039,electronics,1529.54,paid
2026-04-05 21:41:00,u005,electronics,924.98,cancelled
2026-04-05 21:56:00,u020,electronics,1128.31,paid
2026-04-06 01:25:00,u005,sports,323.83,paid
2026-04-06 01:30:00,u024,electronics,580.1,cancelled
2026-04-06 01:35:00,u046,home,282.26,paid
2026-04-06 03:32:00,u044,sports,138.42,pending
2026-04-06 05:16:00,u050,books,47.63,paid
2026-04-06 07:47:00,u033,books,62.58,paid
2026-04-06 09:20:00,u006,clothing,61.43,paid
2026-04-06 13:58:00,u047,electronics,1391.2,paid
2026-04-06 14:32:00,u024,books,62.62,paid
2026-04-06 15:49:00,u050,books,64.77,paid
2026-04-06 16:04:00,u017,home,341.24,paid
2026-04-06 18:50:00,u020,home,215.97,paid
2026-04-07 03:09:00,u007,books,41.97,paid
2026-04-07 04:00:00,u027,books,45.93,paid
2026-04-07 08:14:00,u005,toys,42.25,paid
2026-04-07 10:59:00,u026,home,400.76,paid
2026-04-07 15:03:00,u010,home,159.88,cancelled
2026-04-07 16:26:00,u045,sports,213.78,paid
2026-04-07 17:22:00,u050,electronics,769.97,paid
2026-04-07 18:03:00,u028,clothing,83.53,paid
2026-04-07 18:06:00,u033,books,60.55,paid
2026-04-07 22:56:00,u001,toys,30.13,paid
2026-04-07 23:46:00,u020,books,45.32,paid
2026-04-08 00:25:00,u029,clothing,159.02,paid
2026-04-08 02:10:00,u044,electronics,1245.65,paid
2026-04-08 02:12:00,u042,electronics,554.55,pending
2026-04-08 03:51:00,u009,books,20.74,paid
2026-04-08 06:53:00,u021,books,54.84,cancelled
2026-04-08 07:08:00,u013,sports,190.5,paid
2026-04-08 10:07:00,u003,toys,34.56,cancelled
2026-04-08 12:32:00,u004,home,222.56,cancelled
2026-04-08 20:05:00,u038,clothing,225.14,paid
2026-04-09 00:24:00,u046,electronics,1053.42,paid
2026-04-09 05:15:00,u038,electronics,1285.73,paid
2026-04-09 06:58:00,u012,electronics,935.21,paid
2026-04-09 07:01:00,u050,electronics,1370.38,paid
2026-04-09 07:36:00,u025,electronics,1407.07,pending
2026-04-09 11:49:00,u038,toys,117.66,paid
2026-04-09 17:30:00,u004,books,37.61,paid
2026-04-09 18:01:00,u046,home,480.33,paid
2026-04-09 18:12:00,u032,clothing,91.6,paid
2026-04-09 18:32:00,u021,electronics,615.78,paid
2026-04-09 19:39:00,u040,electronics,754.13,paid
2026-04-09 20:56:00,u034,electronics,1592.9,paid
2026-04-09 21:15:00,u018,clothing,202.42,paid
2026-04-09 23:25:00,u032,books,53.37,paid
2026-04-10 03:54:00,u034,sports,349.35,paid
2026-04-10 05:45:00,u036,home,473.32,paid
2026-04-10 05:46:00,u028,home,485.25,paid
2026-04-10 07:38:00,u015,books,42.59,paid
2026-04-10 07:42:00,u038,sports,192.16,paid
2026-04-10 10:03:00,u002,books,54.5,paid
2026-04-10 19:12:00,u009,electronics,612.95,pending
2026-04-10 21:25:00,u038,books,33.34,paid
2026-04-11 00:16:00,u014,electronics,481.35,paid
2026-04-11 02:15:00,u023,toys,45.11,pending
2026-04-11 02:52:00,u046,home,398.48,paid
2026-04-11 03:46:00,u001,books,40.51,paid
2026-04-11 03:53:00,u031,home,341.77,paid
2026-04-11 04:11:00,u047,books,54.36,paid
2026-04-11 05:56:00,u027,clothing,128.17,paid
2026-04-11 07:10:00,u029,books,61.9,paid
2026-04-11 07:40:00,u037,books,43.55,paid
2026-04-11 10:16:00,u007,books,26.43,paid
2026-04-11 18:02:00,u012,clothing,225.79,cancelled
2026-04-11 23:04:00,u036,toys,118.02,paid
2026-04-12 04:03:00,u024,books,22.1,pending
2026-04-12 05:13:00,u013,books,39.73,cancelled
2026-04-12 09:05:00,u031,sports,173.26,paid
2026-04-12 09:15:00,u007,books,47.52,pending
2026-04-12 11:56:00,u025,electronics,934.93,paid
2026-04-12 12:57:00,u046,books,47.49,paid
2026-04-12 13:10:00,u004,books,28.29,paid
2026-04-12 13:12:00,u041,books,48.74,paid
2026-04-12 14:16:00,u015,sports,242.35,paid
2026-04-12 15:45:00,u002,electronics,1184.36,paid
2026-04-12 15:57:00,u043,electronics,1170.24,paid
2026-04-12 17:43:00,u031,clothing,102.42,paid
2026-04-12 18:14:00,u036,books,37.82,paid
2026-04-12 18:43:00,u040,books,67.34,paid
2026-04-12 20:38:00,u031,books,18.85,paid
2026-04-12 22:35:00,u047,sports,235.83,paid
2026-04-12 22:42:00,u007,books,35.55,paid
2026-04-13 00:15:00,u024,clothing,140.3,cancelled
2026-04-13 00:21:00,u020,electronics,1411.42,pending
2026-04-13 01:15:00,u003,electronics,1501.64,paid
2026-04-13 01:32:00,u011,books,54.75,paid
2026-04-13 02:05:00,u025,clothing,159.37,pending
2026-04-13 03:59:00,u007,clothing,78.18,paid
2026-04-13 06:58:00,u027,home,409.81,pending
2026-04-13 08:23:00,u030,clothing,174.37,paid
2026-04-13 10:17:00,u047,electronics,1174.67,paid
2026-04-13 13:07:00,u027,books,47.25,paid
2026-04-13 15:37:00,u036,electronics,596.22,pending
2026-04-13 16:29:00,u001,home,358.65,paid
2026-04-13 16:56:00,u037,books,27.62,pending
2026-04-13 17:56:00,u023,sports,161.32,paid
2026-04-13 18:38:00,u031,books,31.96,paid
2026-04-13 19:43:00,u045,electronics,874.95,pending
2026-04-13 21:06:00,u015,books,68.65,paid
2026-04-13 22:15:00,u004,home,470.31,pending
2026-04-13 23:53:00,u045,books,18.94,paid
2026-04-14 03:30:00,u009,home,396.94,paid
2026-04-14 04:33:00,u049,electronics,468.13,pending
2026-04-14 05:43:00,u022,clothing,100.01,paid
2026-04-14 06:54:00,u015,clothing,181.99,paid
2026-04-14 08:16:00,u042,home,459.64,paid
2026-04-14 08:38:00,u020,home,391.01,paid
2026-04-14 12:54:00,u023,electronics,661.85,paid
2026-04-14 13:32:00,u002,sports,351.13,paid
2026-04-14 15:18:00,u017,sports,199.24,paid
2026-04-14 15:58:00,u009,clothing,168.21,paid
2026-04-14 16:19:00,u011,sports,326.65,paid
2026-04-14 16:52:00,u040,electronics,522.77,paid
2026-04-14 18:45:00,u037,sports,182.66,paid
2026-04-14 19:25:00,u043,electronics,567.92,paid
2026-04-14 21:06:00,u031,books,69.39,paid
2026-04-14 21:34:00,u041,home,464.95,paid
2026-04-14 21:53:00,u024,clothing,166.88,paid
2026-04-15 02:30:00,u013,clothing,216.15,paid
2026-04-15 03:30:00,u004,sports,247.57,cancelled
2026-04-15 04:39:00,u028,clothing,132.61,cancelled
2026-04-15 05:36:00,u049,books,58.72,paid
2026-04-15 07:14:00,u045,sports,174.26,paid
2026-04-15 09:26:00,u004,sports,130.71,cancelled
2026-04-15 10:26:00,u037,sports,356.4,paid
2026-04-15 10:40:00,u004,books,31.86,paid
2026-04-15 10:48:00,u034,books,53.03,paid
2026-04-15 12:00:00,u003,clothing,191.52,cancelled
2026-04-15 13:50:00,u022,electronics,1102.68,paid
2026-04-15 22:11:00,u050,books,34.96,cancelled
2026-04-16 00:37:00,u033,books,36.75,paid
2026-04-16 01:24:00,u041,electronics,1041.68,paid
2026-04-16 01:42:00,u007,clothing,63.55,paid
2026-04-16 03:32:00,u047,clothing,110.89,paid
2026-04-16 03:53:00,u037,home,180.93,paid
2026-04-16 04:21:00,u032,electronics,626.11,cancelled
2026-04-16 06:22:00,u046,electronics,592.45,paid
2026-04-16 06:44:00,u044,clothing,114.2,paid
2026-04-16 06:44:00,u031,electronics,403.29,paid
2026-04-16 12:01:00,u015,electronics,1581.86,paid
2026-04-16 13:28:00,u025,books,30.77,paid
2026-04-16 14:46:00,u034,clothing,120.81,pending
2026-04-16 15:12:00,u039,books,31.31,paid
2026-04-16 16:04:00,u047,home,464.29,paid
2026-04-16 18:19:00,u011,books,19.9,cancelled
2026-04-16 21:33:00,u018,clothing,186.13,paid
2026-04-17 01:00:00,u009,clothing,90.69,paid
2026-04-17 03:08:00,u045,home,493.09,pending
2026-04-17 03:26:00,u038,clothing,162.41,paid
2026-04-17 05:07:00,u026,electronics,947.85,pending
2026-04-17 09:16:00,u030,books,60.19,pending
2026-04-17 09:23:00,u044,electronics,1286.25,paid
2026-04-17 12:09:00,u036,sports,255.49,paid
2026-04-17 13:42:00,u047,electronics,814.9,paid
2026-04-17 14:02:00,u005,electronics,777.09,paid
2026-04-17 14:39:00,u018,sports,115.1,pending
2026-04-17 19:24:00,u050,electronics,434.58,paid
2026-04-17 21:33:00,u050,home,396.42,paid
2026-04-17 21:55:00,u022,clothing,183.88,paid
2026-04-17 22:54:00,u031,home,368.32,paid
2026-04-17 23:57:00,u009,clothing,147.86,pending
2026-04-18 01:52:00,u015,sports,179.63,paid
2026-04-18 15:20:00,u016,electronics,733.79,paid
2026-04-18 15:47:00,u042,books,38.68,paid
2026-04-18 16:35:00,u014,clothing,142.12,paid
2026-04-18 16:54:00,u031,sports,324.74,paid
2026-04-18 17:00:00,u006,home,486.19,paid
2026-04-18 17:41:00,u025,electronics,682.0,paid
2026-04-18 18:28:00,u006,sports,210.71,paid
2026-04-18 19:30:00,u046,clothing,188.86,paid
2026-04-18 21:14:00,u001,electronics,1395.86,cancelled
2026-04-19 04:52:00,u046,home,278.45,paid
2026-04-19 05:44:00,u038,books,60.3,paid
2026-04-19 06:12:00,u008,sports,196.08,paid
2026-04-19 06:45:00,u022,books,39.26,cancelled
2026-04-19 09:28:00,u009,books,49.13,pending
2026-04-19 13:53:00,u038,clothing,151.5,cancelled
2026-04-19 16:08:00,u032,books,56.15,paid
2026-04-19 16:19:00,u045,clothing,116.5,paid
2026-04-19 17:33:00,u024,home,142.17,paid
2026-04-19 19:58:00,u045,home,227.6,cancelled
2026-04-19 21:37:00,u008,home,293.94,paid
2026-04-19 21:38:00,u039,sports,226.11,paid
2026-04-20 03:24:00,u003,electronics,1067.92,paid
2026-04-20 04:03:00,u043,books,31.52,paid
2026-04-20 06:48:00,u035,books,60.24,paid
2026-04-20 07:32:00,u045,electronics,1197.39,cancelled
2026-04-20 07:58:00,u041,home,367.86,paid
2026-04-20 08:12:00,u040,sports,322.32,paid
2026-04-20 09:43:00,u017,books,20.76,paid
2026-04-20 12:26:00,u044,electronics,1062.55,paid
2026-04-20 14:11:00,u044,books,68.03,paid
2026-04-20 17:18:00,u028,sports,231.14,paid
2026-04-20 17:47:00,u039,books,55.56,paid
2026-04-20 18:36:00,u043,home,377.84,pending
2026-04-20 20:13:00,u013,electronics,1257.26,paid
2026-04-20 21:08:00,u046,clothing,232.5,paid
2026-04-20 21:47:00,u036,sports,290.45,paid
2026-04-20 22:40:00,u021,home,410.29,paid
2026-04-21 02:03:00,u012,home,334.28,paid
2026-04-21 06:20:00,u033,books,22.54,cancelled
2026-04-21 06:55:00,u044,electronics,524.71,paid
2026-04-21 08:00:00,u022,electronics,1524.99,paid
2026-04-21 08:34:00,u047,electronics,1493.6,pending
2026-04-21 09:31:00,u037,clothing,73.12,paid
2026-04-21 10:21:00,u024,electronics,1540.37,paid
2026-04-21 10:38:00,u004,home,359.51,pending
2026-04-21 11:32:00,u033,electronics,452.62,pending
2026-04-21 14:15:00,u042,clothing,171.8,cancelled
2026-04-21 15:35:00,u049,toys,30.79,paid
2026-04-21 16:14:00,u012,clothing,201.53,paid
2026-04-21 17:34:00,u026,books,29.11,paid
2026-04-21 17:34:00,u001,clothing,97.94,paid
2026-04-21 21:56:00,u021,electronics,1355.45,paid
2026-04-21 22:56:00,u048,home,367.46,cancelled
2026-04-21 23:43:00,u010,books,55.14,paid
2026-04-22 02:19:00,u014,home,463.83,paid
2026-04-22 03:18:00,u044,electronics,503.81,paid
2026-04-22 04:07:00,u003,books,48.82,paid
2026-04-22 07:08:00,u048,electronics,1356.98,paid
2026-04-22 08:26:00,u025,electronics,885.34,paid
2026-04-22 12:43:00,u008,clothing,175.46,paid
2026-04-22 13:57:00,u042,sports,128.46,paid
2026-04-22 14:24:00,u026,sports,98.32,paid
2026-04-22 20:09:00,u020,home,467.81,paid
2026-04-22 23:37:00,u003,home,152.22,cancelled
2026-04-22 23:41:00,u024,toys,31.0,pending
2026-04-23 00:20:00,u016,home,392.07,paid
2026-04-23 00:54:00,u033,clothing,206.28,paid
2026-04-23 03:12:00,u047,clothing,231.28,paid
2026-04-23 04:36:00,u037,electronics,779.6,paid
2026-04-23 08:12:00,u008,books,59.48,pending
2026-04-23 08:53:00,u024,books,55.98,pending
2026-04-23 10:31:00,u029,electronics,1191.31,paid
2026-04-23 11:32:00,u001,clothing,212.64,pending
2026-04-23 14:28:00,u023,home,307.61,paid
2026-04-23 15:41:00,u050,books,38.11,pending
2026-04-23 17:12:00,u017,home,359.98,paid
2026-04-23 17:29:00,u042,clothing,112.32,paid
2026-04-23 18:13:00,u003,clothing,157.82,cancelled
2026-04-23 18:46:00,u019,books,43.81,paid
2026-04-23 19:43:00,u011,home,177.64,paid
2026-04-23 20:38:00,u006,sports,321.85,paid
2026-04-23 21:41:00,u016,books,50.02,pending
2026-04-24 00:15:00,u003,books,48.6,paid
2026-04-24 02:33:00,u017,electronics,1488.69,paid
2026-04-24 03:42:00,u015,electronics,796.27,paid
2026-04-24 05:24:00,u042,electronics,1105.21,pending
2026-04-24 07:48:00,u032,electronics,717.23,paid
2026-04-24 08:13:00,u010,books,36.52,paid
2026-04-24 11:52:00,u023,clothing,146.78,paid
2026-04-24 14:56:00,u003,books,51.55,paid
2026-04-24 15:55:00,u031,books,61.09,paid
2026-04-24 16:02:00,u037,books,26.23,cancelled
2026-04-24 16:25:00,u039,toys,87.39,pending
2026-04-24 16:40:00,u018,sports,161.1,paid
2026-04-24 16:56:00,u009,electronics,675.99,paid
2026-04-24 18:42:00,u010,home,306.31,paid
2026-04-24 21:13:00,u034,sports,187.54,paid
2026-04-24 21:30:00,u031,electronics,593.5,pending
2026-04-24 23:42:00,u019,toys,49.49,paid
2026-04-25 00:36:00,u034,books,17.88,paid
2026-04-25 02:30:00,u043,books,49.18,pending
2026-04-25 03:13:00,u033,electronics,806.13,paid
2026-04-25 08:43:00,u026,home,279.96,paid
2026-04-25 09:38:00,u035,electronics,626.83,paid
2026-04-25 11:37:00,u048,sports,316.04,paid
2026-04-25 12:24:00,u009,books,28.12,pending
2026-04-25 13:08:00,u017,clothing,101.85,pending
2026-04-25 15:11:00,u024,clothing,147.08,cancelled
2026-04-25 16:27:00,u015,toys,73.39,paid
2026-04-25 16:43:00,u027,sports,253.49,paid
2026-04-25 18:16:00,u017,sports,204.36,paid
2026-04-25 18:22:00,u050,home,400.92,pending
2026-04-25 18:52:00,u050,books,52.13,paid
2026-04-25 19:38:00,u003,sports,233.49,paid
2026-04-25 21:07:00,u048,electronics,1339.73,cancelled
2026-04-25 21:41:00,u028,clothing,126.67,paid
2026-04-25 22:43:00,u046,books,37.93,paid
2026-04-25 22:51:00,u021,electronics,527.9,paid
2026-04-25 23:43:00,u022,sports,251.06,paid
2026-04-26 00:16:00,u012,electronics,527.76,paid
2026-04-26 02:52:00,u010,clothing,168.04,paid
2026-04-26 05:05:00,u018,home,257.42,paid
2026-04-26 05:40:00,u032,electronics,642.05,paid
2026-04-26 07:39:00,u011,home,259.9,paid
2026-04-26 07:43:00,u045,electronics,778.88,cancelled
2026-04-26 07:48:00,u022,toys,71.3,paid
2026-04-26 08:14:00,u024,books,19.48,paid
2026-04-26 08:14:00,u039,toys,70.93,paid
2026-04-26 09:21:00,u008,sports,348.31,pending
2026-04-26 12:39:00,u042,clothing,188.09,paid
2026-04-26 12:43:00,u048,sports,110.53,cancelled
2026-04-26 15:20:00,u023,electronics,1088.46,paid
2026-04-26 16:18:00,u013,books,48.97,paid
2026-04-26 16:34:00,u001,home,223.76,paid
2026-04-26 17:18:00,u047,sports,337.05,paid
2026-04-26 18:12:00,u034,books,54.44,pending
2026-04-26 18:16:00,u045,electronics,852.5,paid
2026-04-26 18:55:00,u002,clothing,106.41,paid
2026-04-26 23:43:00,u013,clothing,95.94,paid
2026-04-27 00:43:00,u014,electronics,520.9,paid
2026-04-27 03:07:00,u006,home,373.78,paid
2026-04-27 05:29:00,u008,home,297.53,paid
2026-04-27 06:14:00,u013,sports,315.81,paid
2026-04-27 08:11:00,u036,electronics,723.29,cancelled
2026-04-27 08:25:00,u015,home,173.09,paid
2026-04-27 10:23:00,u012,clothing,97.9,paid
2026-04-27 11:23:00,u026,electronics,615.87,paid
2026-04-27 13:30:00,u035,books,35.73,pending
2026-04-27 17:02:00,u031,electronics,778.5,pending
2026-04-27 18:43:00,u015,sports,284.62,pending
2026-04-27 18:55:00,u018,clothing,237.19,pending
2026-04-28 00:08:00,u047,electronics,701.98,paid
2026-04-28 02:05:00,u011,electronics,776.18,paid
2026-04-28 02:24:00,u040,electronics,1158.05,paid
2026-04-28 05:40:00,u022,electronics,1134.77,paid
2026-04-28 06:36:00,u037,clothing,156.92,cancelled
2026-04-28 06:52:00,u017,clothing,173.38,paid
2026-04-28 09:22:00,u021,home,307.81,paid
2026-04-28 10:16:00,u024,electronics,1068.99,pending
2026-04-28 11:01:00,u027,books,63.04,cancelled
2026-04-28 11:47:00,u038,clothing,141.05,paid
2026-04-28 13:54:00,u025,books,59.5,paid
2026-04-28 15:51:00,u001,books,43.73,cancelled
2026-04-28 17:54:00,u037,books,22.7,paid
2026-04-28 20:33:00,u035,home,419.5,paid
2026-04-28 22:17:00,u039,clothing,108.82,paid
2026-04-28 23:05:00,u014,books,22.91,paid
2026-04-29 00:33:00,u049,sports,182.85,paid
2026-04-29 00:44:00,u032,toys,72.94,paid
2026-04-29 02:28:00,u020,electronics,711.77,paid
2026-04-29 03:16:00,u040,books,51.88,pending
2026-04-29 06:26:00,u036,electronics,699.88,paid
2026-04-29 09:14:00,u016,home,291.19,paid
2026-04-29 10:55:00,u031,clothing,216.76,cancelled
2026-04-29 13:51:00,u019,clothing,203.42,paid
2026-04-29 16:48:00,u040,sports,274.85,paid
2026-04-29 16:53:00,u011,books,52.34,pending
2026-04-29 17:03:00,u002,home,321.49,cancelled
2026-04-29 17:28:00,u009,toys,92.79,paid
2026-04-29 19:29:00,u041,home,453.99,paid
2026-04-29 20:24:00,u025,electronics,495.05,paid
2026-04-29 20:40:00,u035,electronics,816.6,paid
